{"cameraMode":{"drawMode":0,"name":"Shaded","section":"Shading Mode"},"sceneLighting":true,"audioPlay":false,"sceneViewState":{"m_AlwaysRefresh":false,"showFog":true,"showSkybox":true,"showFlares":true,"showImageEffects":true,"showParticleSystems":true,"showVisualEffectGraphs":true,"m_FxEnabled":true},"in2DMode":false,"pivot":{"x":1.0826297998428345,"y":8.48559284210205,"z":-7.120830059051514},"rotation":{"x":0.015897657722234727,"y":0.00449913926422596,"z":-0.00007276332326000556,"w":0.9998649954795837},"size":9.273650169372559,"orthographic":true}