{"cameraMode":{"drawMode":0,"name":"Shaded","section":"Shading Mode"},"sceneLighting":false,"audioPlay":false,"sceneViewState":{"m_AlwaysRefresh":false,"showFog":true,"showSkybox":false,"showFlares":true,"showImageEffects":true,"showParticleSystems":true,"showVisualEffectGraphs":true,"m_FxEnabled":true},"in2DMode":false,"pivot":{"x":3.759999990463257,"y":1.2200000286102296,"z":2.050210952758789},"rotation":{"x":0.03604230657219887,"y":-0.2752029001712799,"z":0.010323239490389824,"w":0.9606610536575317},"size":1.4253488779067994,"orthographic":true}