{"cameraMode":{"drawMode":0,"name":"Shaded","section":"Shading Mode"},"sceneLighting":true,"audioPlay":false,"sceneViewState":{"m_AlwaysRefresh":false,"showFog":true,"showSkybox":true,"showFlares":true,"showImageEffects":true,"showParticleSystems":true,"showVisualEffectGraphs":true,"m_FxEnabled":true},"in2DMode":false,"pivot":{"x":-3.535233974456787,"y":-3.8173227310180666,"z":-14.862972259521485},"rotation":{"x":-0.01082100160419941,"y":0.9790842533111572,"z":-0.19581909477710725,"w":-0.054104164242744449},"size":11.261449813842774,"orthographic":false}