{"cameraMode":{"drawMode":0,"name":"Shaded","section":"Shading Mode"},"sceneLighting":true,"audioPlay":false,"sceneViewState":{"m_AlwaysRefresh":false,"showFog":true,"showSkybox":true,"showFlares":true,"showImageEffects":true,"showParticleSystems":true,"showVisualEffectGraphs":true,"m_FxEnabled":true},"in2DMode":false,"pivot":{"x":0.524726927280426,"y":7.300438404083252,"z":-6.546292304992676},"rotation":{"x":0.3211674392223358,"y":-0.014204614795744419,"z":0.004817899316549301,"w":0.9469034671783447},"size":12.986169815063477,"orthographic":true}