{"cameraMode":{"drawMode":0,"name":"Shaded","section":"Shading Mode"},"sceneLighting":false,"audioPlay":false,"sceneViewState":{"m_AlwaysRefresh":false,"showFog":true,"showSkybox":false,"showFlares":true,"showImageEffects":true,"showParticleSystems":true,"showVisualEffectGraphs":true,"m_FxEnabled":true},"in2DMode":false,"pivot":{"x":1.2699999809265137,"y":3.0000007152557375,"z":1.9500000476837159},"rotation":{"x":0.12811963260173798,"y":-0.7136239409446716,"z":0.13539497554302216,"w":0.6752774715423584},"size":1.5956521034240723,"orthographic":true}