{"cameraMode":{"drawMode":0,"name":"Shaded","section":"Shading Mode"},"sceneLighting":true,"audioPlay":false,"sceneViewState":{"m_AlwaysRefresh":false,"showFog":true,"showSkybox":true,"showFlares":true,"showImageEffects":true,"showParticleSystems":true,"showVisualEffectGraphs":true,"m_FxEnabled":true},"in2DMode":false,"pivot":{"x":-5.798076152801514,"y":11.124212265014649,"z":-12.292795181274414},"rotation":{"x":-0.011102259159088135,"y":-0.004499702248722315,"z":-0.00005390114165493287,"w":0.9999327659606934},"size":12.12435531616211,"orthographic":false}