{"cameraMode":{"drawMode":0,"name":"Shaded","section":"Shading Mode"},"sceneLighting":true,"audioPlay":false,"sceneViewState":{"m_AlwaysRefresh":false,"showFog":true,"showSkybox":true,"showFlares":true,"showImageEffects":false,"showParticleSystems":true,"showVisualEffectGraphs":true,"m_FxEnabled":true},"in2DMode":false,"pivot":{"x":-10.36013126373291,"y":-15.927515029907227,"z":21.41847801208496},"rotation":{"x":0.3106197714805603,"y":-0.017108198255300523,"z":0.00559138972312212,"w":0.9503623843193054},"size":17.216388702392579,"orthographic":false}