{"cameraMode":{"drawMode":0,"name":"Shaded","section":"Shading Mode"},"sceneLighting":true,"audioPlay":false,"sceneViewState":{"m_AlwaysRefresh":false,"showFog":true,"showSkybox":true,"showFlares":true,"showImageEffects":false,"showParticleSystems":true,"showVisualEffectGraphs":true,"m_FxEnabled":true},"in2DMode":false,"pivot":{"x":-5.198056221008301,"y":-16.454336166381837,"z":22.556182861328126},"rotation":{"x":0.3163720667362213,"y":0.08946779370307923,"z":-0.029986785724759103,"w":0.9439277052879334},"size":18.762657165527345,"orthographic":false}