{"cameraMode":{"drawMode":0,"name":"Shaded","section":"Shading Mode"},"sceneLighting":false,"audioPlay":false,"sceneViewState":{"m_AlwaysRefresh":false,"showFog":true,"showSkybox":false,"showFlares":true,"showImageEffects":true,"showParticleSystems":true,"showVisualEffectGraphs":true,"m_FxEnabled":true},"in2DMode":false,"pivot":{"x":-0.4315265417098999,"y":1.3522608280181885,"z":0.08393850922584534},"rotation":{"x":0.18588195741176606,"y":-0.5311290621757507,"z":0.12072440981864929,"w":0.8177924156188965},"size":1.469375491142273,"orthographic":true}